hostname,crux_origin,tranco_domain,pageviews,visits,crux_rank,tranco_rank
www.ncbi.nlm.nih.gov,https://www.ncbi.nlm.nih.gov,,241984660,151350752,1000,
tools.usps.com,https://tools.usps.com,,373433631,264335291,1000,
ceac.state.gov,https://ceac.state.gov,,212244629,13053961,5000,
ais.usvisa-info.com,https://ais.usvisa-info.com,,34083822,14179238,5000,
reg.usps.com,https://reg.usps.com,,106447667,78290881,5000,
forecast.weather.gov,https://forecast.weather.gov,,71885119,43462321,5000,
secure.login.gov,https://secure.login.gov,,108538566,46517383,5000,
www.nhc.noaa.gov,https://www.nhc.noaa.gov,,78586281,33281785,5000,
secure.ssa.gov,https://secure.ssa.gov,,14513366,2088236,5000,
informeddelivery.usps.com,https://informeddelivery.usps.com,,107799946,55803049,5000,
pubmed.ncbi.nlm.nih.gov,https://pubmed.ncbi.nlm.nih.gov,,335843772,92430950,5000,
www.usps.com,https://www.usps.com,usps.com,86239890,61898104,5000,743
www.va.gov,https://www.va.gov,va.gov,102824954,20829095,5000,849
www.irs.gov,https://www.irs.gov,irs.gov,79714676,34202149,5000,1047
www.ssa.gov,https://www.ssa.gov,ssa.gov,69236149,30107367,5000,2150
www.uscis.gov,https://www.uscis.gov,uscis.gov,44445792,20866402,5000,3122
studentaid.gov,https://studentaid.gov,studentaid.gov,125076431,23704777,5000,3600
medlineplus.gov,https://medlineplus.gov,medlineplus.gov,44247186,36776760,5000,2308
www.newsnow.co.uk,https://www.newsnow.co.uk,newsnow.co.uk,215,214,5000,6011
www.myhealth.va.gov,https://www.myhealth.va.gov,,19451065,8074685,10000,
travel.state.gov,https://travel.state.gov,,43061129,17163507,10000,
my.uscis.gov,https://my.uscis.gov,,9690235,7513530,10000,
www.cdc.gov,https://www.cdc.gov,cdc.gov,59912919,35258899,10000,269
www.nps.gov,https://www.nps.gov,nps.gov,43687793,19855185,10000,1693
www.weather.gov,https://www.weather.gov,weather.gov,40084499,20689294,10000,2330
www.usajobs.gov,https://www.usajobs.gov,usajobs.gov,137287409,20111049,10000,8270
www.disasterassistance.gov,https://www.disasterassistance.gov,disasterassistance.gov,6401670,4368307,10000,15367
ttp.cbp.dhs.gov,https://ttp.cbp.dhs.gov,,27610866,4508925,50000,
pubchem.ncbi.nlm.nih.gov,https://pubchem.ncbi.nlm.nih.gov,,10416945,5003630,50000,
esta.cbp.dhs.gov,https://esta.cbp.dhs.gov,,34074691,6434548,50000,
water.noaa.gov,https://water.noaa.gov,,2944428,1948908,50000,
acis.eoir.justice.gov,https://acis.eoir.justice.gov,,10801414,3482779,50000,
www.spc.noaa.gov,https://www.spc.noaa.gov,,17140462,2950957,50000,
about.usps.com,https://about.usps.com,,8285808,4058588,50000,
waterdata.usgs.gov,https://waterdata.usgs.gov,,3297465,2326530,50000,
www.niddk.nih.gov,https://www.niddk.nih.gov,,4534970,3799054,50000,
science.nasa.gov,https://science.nasa.gov,,8115826,5115813,50000,
store.usps.com,https://store.usps.com,,18393765,4672695,50000,
storage.googleapis.com,https://storage.googleapis.com,,132,50,50000,
eauth.va.gov,https://eauth.va.gov,,7337758,2916258,50000,
radar.weather.gov,https://radar.weather.gov,,59209442,13390214,50000,
earthquake.usgs.gov,https://earthquake.usgs.gov,,33524236,4973888,50000,
www.star.nesdis.noaa.gov,https://www.star.nesdis.noaa.gov,,6697039,2035309,50000,
apod.nasa.gov,https://apod.nasa.gov,,5088734,2436925,50000,
translated.turbopages.org,https://translated.turbopages.org,,661220,530109,50000,
www.nhlbi.nih.gov,https://www.nhlbi.nih.gov,,8752269,6536917,50000,
www.fs.usda.gov,https://www.fs.usda.gov,,11447289,5615492,50000,
tsaenrollmentbyidemia.tsa.dhs.gov,https://tsaenrollmentbyidemia.tsa.dhs.gov,,7580643,3208785,50000,
cns.usps.com,https://cns.usps.com,,6816,2557,50000,
egov.uscis.gov,https://egov.uscis.gov,,16490464,11012587,50000,
www.nasa.gov,https://www.nasa.gov,nasa.gov,9448006,5808948,50000,361
www.fda.gov,https://www.fda.gov,fda.gov,22141402,11921777,50000,681
www.epa.gov,https://www.epa.gov,epa.gov,8173052,4743178,50000,807
www.whitehouse.gov,https://www.whitehouse.gov,whitehouse.gov,11157392,8009330,50000,830
www.state.gov,https://www.state.gov,state.gov,4468108,3335259,50000,871
www.census.gov,https://www.census.gov,census.gov,6424471,2628746,50000,2035
www.bls.gov,https://www.bls.gov,bls.gov,11796867,5039020,50000,2044
www.noaa.gov,https://www.noaa.gov,noaa.gov,4705611,3668333,50000,581
www.justice.gov,https://www.justice.gov,justice.gov,12944678,8931019,50000,2340
www.usa.gov,https://www.usa.gov,usa.gov,12436027,8368615,50000,2366
www.dol.gov,https://www.dol.gov,dol.gov,6991700,4308948,50000,2646
www.cancer.gov,https://www.cancer.gov,cancer.gov,9407548,7452012,50000,2887
www.faa.gov,https://www.faa.gov,faa.gov,5130104,2611850,50000,3408
www.osha.gov,https://www.osha.gov,osha.gov,8657584,3326331,50000,3422
www.fema.gov,https://www.fema.gov,fema.gov,5713246,3218537,50000,3483
www.sec.gov,https://www.sec.gov,sec.gov,23869243,8691506,50000,2145
www.archives.gov,https://www.archives.gov,archives.gov,6177929,3766676,50000,2419
www.sba.gov,https://www.sba.gov,sba.gov,4458565,2404539,50000,3273
www.cbp.gov,https://www.cbp.gov,cbp.gov,10291858,5646247,50000,5344
www.hud.gov,https://www.hud.gov,hud.gov,5592319,2752008,50000,4264
www.login.gov,https://www.login.gov,login.gov,4847630,2105927,50000,6029
www.medicare.gov,https://www.medicare.gov,medicare.gov,13533017,5120181,50000,6277
www.tsa.gov,https://www.tsa.gov,tsa.gov,13199974,5921605,50000,6909
www.healthcare.gov,https://www.healthcare.gov,healthcare.gov,9660740,5930118,50000,7129
sam.gov,https://sam.gov,sam.gov,51583508,5665960,50000,15702
www.treasurydirect.gov,https://www.treasurydirect.gov,treasurydirect.gov,5583819,2487881,50000,18339
www.careeronestop.org,https://www.careeronestop.org,careeronestop.org,9677328,1457121,50000,19386
www.airnow.gov,https://www.airnow.gov,airnow.gov,4781045,2338988,50000,20207
www.bop.gov,https://www.bop.gov,bop.gov,5282234,2235662,50000,22896
www.ustraveldocs.com,https://www.ustraveldocs.com,ustraveldocs.com,13894850,5016009,50000,27596
www.eftps.gov,https://www.eftps.gov,eftps.gov,371801,314453,50000,30996
www.tsp.gov,https://www.tsp.gov,tsp.gov,10790229,6573050,50000,34345
in.usembassy.gov,https://in.usembassy.gov,,1007383,617195,100000,
eric.ed.gov,https://eric.ed.gov,,4738347,1851765,100000,
la.www4.irs.gov,https://la.www4.irs.gov,,241,18,100000,
nces.ed.gov,https://nces.ed.gov,,3838149,1246891,100000,
papago.naver.net,https://papago.naver.net,,4072,1124,100000,
consumer.ftc.gov,https://consumer.ftc.gov,,2594011,2018415,100000,
dailymed.nlm.nih.gov,https://dailymed.nlm.nih.gov,,3486055,1679935,100000,
www.nia.nih.gov,https://www.nia.nih.gov,,2083235,1704666,100000,
tsdr.uspto.gov,https://tsdr.uspto.gov,,3873866,1770117,100000,
www.nimh.nih.gov,https://www.nimh.nih.gov,,2098920,1764039,100000,
public.era.nih.gov,https://public.era.nih.gov,,705,425,100000,
wwwnc.cdc.gov,https://wwwnc.cdc.gov,,2349154,1520234,100000,
faq.ssa.gov,https://faq.ssa.gov,,1450752,991611,100000,
passportstatus.state.gov,https://passportstatus.state.gov,,5274781,1793892,100000,
vsearch.nlm.nih.gov,https://vsearch.nlm.nih.gov,,2813148,1741892,100000,
mx.usembassy.gov,https://mx.usembassy.gov,,1341329,871015,100000,
online-auction.state.gov,https://online-auction.state.gov,,113286,60642,100000,
ods.od.nih.gov,https://ods.od.nih.gov,,1787336,1474906,100000,
www.accessdata.fda.gov,https://www.accessdata.fda.gov,,10950188,2354215,100000,
blast.ncbi.nlm.nih.gov,https://blast.ncbi.nlm.nih.gov,,20785401,1405601,100000,
webcache.googleusercontent.com,https://webcache.googleusercontent.com,,4002,4194,100000,
i94.cbp.dhs.gov,https://i94.cbp.dhs.gov,,15258157,3620238,100000,
www.wpc.ncep.noaa.gov,https://www.wpc.ncep.noaa.gov,,385250,283426,100000,
imagine.gsfc.nasa.gov,https://imagine.gsfc.nasa.gov,,178095,96939,100000,
spaceplace.nasa.gov,https://spaceplace.nasa.gov,,2317783,1132713,100000,
postcalc.usps.com,https://postcalc.usps.com,,5208709,1424690,100000,
ttp.dhs.gov,https://ttp.dhs.gov,,2880557,2438097,100000,
fire.airnow.gov,https://fire.airnow.gov,,1786977,1371301,100000,
www-ncbi-nlm-nih-gov.translate.goog,https://www-ncbi-nlm-nih-gov.translate.goog,,1519579,1359025,100000,
nida.nih.gov,https://nida.nih.gov,,1922232,1460926,100000,
www.fns.usda.gov,https://www.fns.usda.gov,,3325499,1686058,100000,
home.treasury.gov,https://home.treasury.gov,,3173754,2052702,100000,
faq.usps.com,https://faq.usps.com,,6682786,4490437,100000,
history.state.gov,https://history.state.gov,,1856968,1099793,100000,
catalog.usmint.gov,https://catalog.usmint.gov,,1278899,464709,100000,
www.fmcsa.dot.gov,https://www.fmcsa.dot.gov,,2741084,1271030,100000,
www.ndbc.noaa.gov,https://www.ndbc.noaa.gov,,3989353,2254787,100000,
www.ftc.gov,https://www.ftc.gov,ftc.gov,2996756,1759655,100000,1813
www.usgs.gov,https://www.usgs.gov,usgs.gov,4686790,2940649,100000,2003
www.hhs.gov,https://www.hhs.gov,hhs.gov,6673595,2491853,100000,2060
www.dhs.gov,https://www.dhs.gov,dhs.gov,8410935,6319095,100000,2183
www.fcc.gov,https://www.fcc.gov,fcc.gov,367271,207951,100000,2696
www.uspto.gov,https://www.uspto.gov,uspto.gov,5132179,2498442,100000,2706
www.defense.gov,https://www.defense.gov,defense.gov,3411520,2124665,100000,3676
www.federalregister.gov,https://www.federalregister.gov,federalregister.gov,4369129,2998859,100000,3798
www.cms.gov,https://www.cms.gov,cms.gov,9911934,4697129,100000,3900
clinicaltrials.gov,https://clinicaltrials.gov,clinicaltrials.gov,13417506,3164389,100000,3707
www.energy.gov,https://www.energy.gov,energy.gov,4253541,2787139,100000,2363
www.usaid.gov,https://www.usaid.gov,usaid.gov,2186379,1276230,100000,5414
login.gov,https://login.gov,login.gov,2212058,1283490,100000,6029
www.nhtsa.gov,https://www.nhtsa.gov,nhtsa.gov,6690018,4671573,100000,4998
www.gsa.gov,https://www.gsa.gov,gsa.gov,6276003,3178790,100000,5436
www.fws.gov,https://www.fws.gov,fws.gov,2784334,1419417,100000,5725
www.consumerfinance.gov,https://www.consumerfinance.gov,consumerfinance.gov,4581163,2688147,100000,6964
www.cpsc.gov,https://www.cpsc.gov,cpsc.gov,1706793,1165435,100000,7201
www.eeoc.gov,https://www.eeoc.gov,eeoc.gov,2314286,1417900,100000,7427
www.ecfr.gov,https://www.ecfr.gov,ecfr.gov,10435530,4541273,100000,10186
www.ice.gov,https://www.ice.gov,ice.gov,1989508,1348626,100000,12495
www.dea.gov,https://www.dea.gov,dea.gov,2394880,1684452,100000,13547
www.opm.gov,https://www.opm.gov,opm.gov,8720236,3459009,100000,13823
www.genome.gov,https://www.genome.gov,genome.gov,1712080,1294510,100000,14419
aviationweather.gov,https://aviationweather.gov,aviationweather.gov,6005617,2309691,100000,15092
www.fec.gov,https://www.fec.gov,fec.gov,2742333,549292,100000,16226
www.fueleconomy.gov,https://www.fueleconomy.gov,fueleconomy.gov,10136,8643,100000,19338
www.donotcall.gov,https://www.donotcall.gov,donotcall.gov,2774030,1325056,100000,29426
www.secretservice.gov,https://www.secretservice.gov,secretservice.gov,523384,306111,100000,30625
www.tricare.mil,https://www.tricare.mil,tricare.mil,2015176,887622,100000,31733
www.myplate.gov,https://www.myplate.gov,myplate.gov,3370536,932740,100000,38927
www.pay.gov,https://www.pay.gov,pay.gov,67772,34103,100000,48929
www.nsopw.gov,https://www.nsopw.gov,nsopw.gov,32075957,11464759,100000,54892
estudiantespiota.com,https://estudiantespiota.com,estudiantespiota.com,233,91,500000,738145
www.alzheimers.gov,https://www.alzheimers.gov,alzheimers.gov,233825,180671,500000,251461
everykidoutdoors.gov,https://everykidoutdoors.gov,everykidoutdoors.gov,658412,158530,500000,278747
www.hudhomestore.gov,https://www.hudhomestore.gov,hudhomestore.gov,700603,183817,500000,347804
www.unriddle.ai,https://www.unriddle.ai,unriddle.ai,1613,781,500000,363372
www.cuidadodesalud.gov,https://www.cuidadodesalud.gov,cuidadodesalud.gov,613505,441218,500000,131892
gsaauctions.gov,https://gsaauctions.gov,gsaauctions.gov,1533463,176922,500000,134703
www.gsaauctions.gov,https://www.gsaauctions.gov,gsaauctions.gov,2048753,256517,500000,134703
www.dcsa.mil,https://www.dcsa.mil,dcsa.mil,720176,522926,500000,159090
www.bep.gov,https://www.bep.gov,bep.gov,376734,235271,500000,164611
www.research.gov,https://www.research.gov,research.gov,1544277,331643,500000,165727
www.fpds.gov,https://www.fpds.gov,fpds.gov,182339,159862,500000,177119
www.helpwithmybank.gov,https://www.helpwithmybank.gov,helpwithmybank.gov,222972,167753,500000,190358
www.fsd.gov,https://www.fsd.gov,fsd.gov,965533,326521,500000,198389
ttbonline.gov,https://ttbonline.gov,ttbonline.gov,823446,68721,500000,201490
www.sciencebase.gov,https://www.sciencebase.gov,sciencebase.gov,255437,156582,500000,227773
www.hepb.org,https://www.hepb.org,hepb.org,252,245,500000,241573
boiefiling.fincen.gov,https://boiefiling.fincen.gov,,3502120,1143238,500000,
ocrtraining.cit.nih.gov,https://ocrtraining.cit.nih.gov,,55946,11036,500000,
mobile.va.gov,https://mobile.va.gov,,482494,424014,500000,
fr.usembassy.gov,https://fr.usembassy.gov,,205527,131939,500000,
training.section508testing.net,https://training.section508testing.net,,9524,3193,500000,
new.nsf.gov,https://new.nsf.gov,,1657810,994455,500000,
firms.modaps.eosdis.nasa.gov,https://firms.modaps.eosdis.nasa.gov,,1625282,1139620,500000,
seer.cancer.gov,https://seer.cancer.gov,,1010719,349080,500000,
www.ecomp.dol.gov,https://www.ecomp.dol.gov,,819776,578502,500000,
il.usembassy.gov,https://il.usembassy.gov,,564964,395184,500000,
oceanservice.noaa.gov,https://oceanservice.noaa.gov,,1145494,993995,500000,
wonder.cdc.gov,https://wonder.cdc.gov,,607,256,500000,
gacc.nifc.gov,https://gacc.nifc.gov,,74368,35633,500000,
hn.usembassy.gov,https://hn.usembassy.gov,,160699,96647,500000,
oig.hhs.gov,https://oig.hhs.gov,,124796,87282,500000,
catalog.data.gov,https://catalog.data.gov,,717420,273623,500000,
glorecords.blm.gov,https://glorecords.blm.gov,,591328,91341,500000,
vacareers.va.gov,https://vacareers.va.gov,,1035778,688776,500000,
ec.usembassy.gov,https://ec.usembassy.gov,,298417,198702,500000,
vehiclehistory.bja.ojp.gov,https://vehiclehistory.bja.ojp.gov,,212229,109051,500000,
www.mynavyhr.navy.mil,https://www.mynavyhr.navy.mil,,3112618,1171194,500000,
www.rd.usda.gov,https://www.rd.usda.gov,,1675609,647671,500000,
espanol.nichd.nih.gov,https://espanol.nichd.nih.gov,,627905,547500,500000,
www.amc.af.mil,https://www.amc.af.mil,,680409,272593,500000,
tmsearch.uspto.gov,https://tmsearch.uspto.gov,,98917,73115,500000,
www.nichd.nih.gov,https://www.nichd.nih.gov,,640031,485297,500000,
hts.usitc.gov,https://hts.usitc.gov,,2961720,1027168,500000,
training.seer.cancer.gov,https://training.seer.cancer.gov,,585094,341887,500000,
www.nesdis.noaa.gov,https://www.nesdis.noaa.gov,,902183,657484,500000,
climatekids.nasa.gov,https://climatekids.nasa.gov,,294614,134059,500000,
www.nccih.nih.gov,https://www.nccih.nih.gov,,686541,545134,500000,
ofac.treasury.gov,https://ofac.treasury.gov,,1862369,971381,500000,
historyhub.history.gov,https://historyhub.history.gov,,259098,137168,500000,
www.metoc.navy.mil,https://www.metoc.navy.mil,,5353430,4402910,500000,
emailus.usps.com,https://emailus.usps.com,,2096229,980097,500000,
aoprals.state.gov,https://aoprals.state.gov,,812348,348737,500000,
eg.usembassy.gov,https://eg.usembassy.gov,,379415,214849,500000,
aspe.hhs.gov,https://aspe.hhs.gov,,401394,324799,500000,
sites.ed.gov,https://sites.ed.gov,,649232,465134,500000,
gh.usembassy.gov,https://gh.usembassy.gov,,318136,181479,500000,
www.ebenefits.va.gov,https://www.ebenefits.va.gov,,13692,8563,500000,
ke.usembassy.gov,https://ke.usembassy.gov,,153981,101561,500000,
es-tools.usps.com,https://es-tools.usps.com,,411244,223796,500000,
flag.dol.gov,https://flag.dol.gov,,2263120,892904,500000,
cc.bingj.com,https://cc.bingj.com,,608,569,500000,
telehealth.hhs.gov,https://telehealth.hhs.gov,,747676,583851,500000,
staging.ustraveldocs.com,https://staging.ustraveldocs.com,,9132,7313,500000,
www.niaaa.nih.gov,https://www.niaaa.nih.gov,,577678,490241,500000,
graphical.weather.gov,https://graphical.weather.gov,,556919,273231,500000,
account.ncbi.nlm.nih.gov,https://account.ncbi.nlm.nih.gov,,1137297,848036,500000,
www.nidcd.nih.gov,https://www.nidcd.nih.gov,,656127,588079,500000,
www.usar.army.mil,https://www.usar.army.mil,,589072,270410,500000,
www.ninds.nih.gov,https://www.ninds.nih.gov,,1178201,1060164,500000,
www.dco.uscg.mil,https://www.dco.uscg.mil,,454406,230786,500000,
www.vlm.cem.va.gov,https://www.vlm.cem.va.gov,,327400,201206,500000,
careers.cbp.gov,https://careers.cbp.gov,,2483798,1791889,500000,
www.servicesonline.opm.gov,https://www.servicesonline.opm.gov,,606060,326446,500000,
retail-pi.usps.com,https://retail-pi.usps.com,,477449,182270,500000,
www.ospo.noaa.gov,https://www.ospo.noaa.gov,,262087,177037,500000,
th.usembassy.gov,https://th.usembassy.gov,,267788,167437,500000,
www.fsa.usda.gov,https://www.fsa.usda.gov,,889583,495005,500000,
wwwn.cdc.gov,https://wwwn.cdc.gov,,1058641,278859,500000,
webapps.dol.gov,https://webapps.dol.gov,,347299,157220,500000,
do.usembassy.gov,https://do.usembassy.gov,,423781,314529,500000,
webb.nasa.gov,https://webb.nasa.gov,,94916,71964,500000,
obamawhitehouse.archives.gov,https://obamawhitehouse.archives.gov,,517873,417395,500000,
ies.ed.gov,https://ies.ed.gov,,517,170,500000,
pptform.state.gov,https://pptform.state.gov,,4067360,2275655,500000,
cl.usembassy.gov,https://cl.usembassy.gov,,217197,161079,500000,
pe.usps.com,https://pe.usps.com,,1528977,952878,500000,
pk.usembassy.gov,https://pk.usembassy.gov,,302345,199828,500000,
data.census.gov,https://data.census.gov,,4043005,774696,500000,
soho.nascom.nasa.gov,https://soho.nascom.nasa.gov,,40758,35625,500000,
www.travel.dod.mil,https://www.travel.dod.mil,,1499385,704119,500000,
magazine.medlineplus.gov,https://magazine.medlineplus.gov,,270293,244015,500000,
sv.usembassy.gov,https://sv.usembassy.gov,,152311,101670,500000,
www.fsis.usda.gov,https://www.fsis.usda.gov,,2067351,1327298,500000,
app.myjotbot.com,https://app.myjotbot.com,,125,91,500000,
dtops.cbp.dhs.gov,https://dtops.cbp.dhs.gov,,149,186,500000,
jp.usembassy.gov,https://jp.usembassy.gov,,830410,553085,500000,
uk.usembassy.gov,https://uk.usembassy.gov,,935524,526993,500000,
www.fhwa.dot.gov,https://www.fhwa.dot.gov,,587128,294046,500000,
eclkc.ohs.acf.hhs.gov,https://eclkc.ohs.acf.hhs.gov,,1339132,529884,500000,
exclusions.oig.hhs.gov,https://exclusions.oig.hhs.gov,,6561344,1514482,500000,
poboxes.usps.com,https://poboxes.usps.com,,1503911,561602,500000,
search.usa.gov,https://search.usa.gov,,3986257,2299144,500000,
ar.usembassy.gov,https://ar.usembassy.gov,,354620,241601,500000,
iafdb.travel.state.gov,https://iafdb.travel.state.gov,,2883697,881892,500000,
holdmail.usps.com,https://holdmail.usps.com,,3754942,1766921,500000,
search.ssa.gov,https://search.ssa.gov,,684372,417742,500000,
www.oalj.dol.gov,https://www.oalj.dol.gov,,240932,60057,500000,
de.usembassy.gov,https://de.usembassy.gov,,168477,118146,500000,
climate.nasa.gov,https://climate.nasa.gov,,348725,210239,500000,
newsinhealth.nih.gov,https://newsinhealth.nih.gov,,545801,498451,500000,
grants.nih.gov,https://grants.nih.gov,,1789512,1049430,500000,
fas.usda.gov,https://fas.usda.gov,,342502,190822,500000,
www.niaid.nih.gov,https://www.niaid.nih.gov,,424649,300668,500000,
aad.archives.gov,https://aad.archives.gov,,863960,60942,500000,
www.cem.va.gov,https://www.cem.va.gov,,507662,314276,500000,
portal.census.gov,https://portal.census.gov,,1272,481,500000,
www.benefits.va.gov,https://www.benefits.va.gov,,1075088,784635,500000,
www.nationalmuseum.af.mil,https://www.nationalmuseum.af.mil,,437235,229772,500000,
www.ars.usda.gov,https://www.ars.usda.gov,,396627,227471,500000,
benefits.va.gov,https://benefits.va.gov,,483233,405229,500000,
www.nrcs.usda.gov,https://www.nrcs.usda.gov,,808698,431737,500000,
installations.militaryonesource.mil,https://installations.militaryonesource.mil,,635440,392520,500000,
eyes.nasa.gov,https://eyes.nasa.gov,,2334056,1275015,500000,
certify.sba.gov,https://certify.sba.gov,,430717,74675,500000,
careers.state.gov,https://careers.state.gov,,650387,277316,500000,
ug.usembassy.gov,https://ug.usembassy.gov,,165418,99735,500000,
weather.ndc.nasa.gov,https://weather.ndc.nasa.gov,,36140,4363,500000,
consumidor.ftc.gov,https://consumidor.ftc.gov,,415650,366365,500000,
mhvidp-prod.myhealth.va.gov,https://mhvidp-prod.myhealth.va.gov,,2595704,1922309,500000,
marine.weather.gov,https://marine.weather.gov,,1054545,706972,500000,
webcache.googleusercontent.com,http://webcache.googleusercontent.com,,4002,4194,500000,
training.fema.gov,https://training.fema.gov,,3477293,894138,500000,
www.fisheries.noaa.gov,https://www.fisheries.noaa.gov,,646861,441748,500000,
pubmed-ncbi-nlm-nih-gov.translate.goog,https://pubmed-ncbi-nlm-nih-gov.translate.goog,,374896,276695,500000,
data.bls.gov,https://data.bls.gov,,2270911,961468,500000,
respond.census.gov,https://respond.census.gov,,5006,3289,500000,
community.fema.gov,https://community.fema.gov,,160229,75751,500000,
store.usgs.gov,https://store.usgs.gov,,129,125,500000,
webbook.nist.gov,https://webbook.nist.gov,,2200867,425981,500000,
www.nidcr.nih.gov,https://www.nidcr.nih.gov,,354962,308781,500000,
www.help.cbp.gov,https://www.help.cbp.gov,,955319,571480,500000,
catalog.archives.gov,https://catalog.archives.gov,,4121436,321030,500000,
www.nlm.nih.gov,https://www.nlm.nih.gov,,1255668,953527,500000,
mytravel.state.gov,https://mytravel.state.gov,,684634,478163,500000,
www.niehs.nih.gov,https://www.niehs.nih.gov,,334210,265413,500000,
m.usps.com,https://m.usps.com,,472868,399865,500000,
www.efast.dol.gov,https://www.efast.dol.gov,,3255,1168,500000,
www.nibib.nih.gov,https://www.nibib.nih.gov,,248614,208886,500000,
onlineclaims.usps.com,https://onlineclaims.usps.com,,793806,251400,500000,
plus.nasa.gov,https://plus.nasa.gov,,1046526,633420,500000,
gateway.usps.com,https://gateway.usps.com,,2081142,663326,500000,
www.history.navy.mil,https://www.history.navy.mil,,1110037,566077,500000,
nij.ojp.gov,https://nij.ojp.gov,,329445,221270,500000,
my.americorps.gov,https://my.americorps.gov,,2840606,333146,500000,
vn.usembassy.gov,https://vn.usembassy.gov,,302056,218653,500000,
educationusa.state.gov,https://educationusa.state.gov,,59314,48825,500000,
irs.usajobs.gov,https://irs.usajobs.gov,,458485,156842,500000,
bwt.cbp.gov,https://bwt.cbp.gov,,1717382,777036,500000,
postalpro.usps.com,https://postalpro.usps.com,,442557,264524,500000,
www2.ed.gov,https://www2.ed.gov,,1382374,887480,500000,
www.jpl.nasa.gov,https://www.jpl.nasa.gov,,887910,546096,500000,
www.publichealth.va.gov,https://www.publichealth.va.gov,,427913,244375,500000,
www.mentalhealth.va.gov,https://www.mentalhealth.va.gov,,1144567,846538,500000,
pe.usembassy.gov,https://pe.usembassy.gov,,193500,141032,500000,
www.ers.usda.gov,https://www.ers.usda.gov,,640885,379096,500000,
ca.usembassy.gov,https://ca.usembassy.gov,,754487,389901,500000,
fiscaldata.treasury.gov,https://fiscaldata.treasury.gov,,294441,223823,500000,
submit.ncbi.nlm.nih.gov,https://submit.ncbi.nlm.nih.gov,,779540,101501,500000,
founders.archives.gov,https://founders.archives.gov,,3582559,3337498,500000,
urs.earthdata.nasa.gov,https://urs.earthdata.nasa.gov,,652305,160271,500000,
cdp.dhs.gov,https://cdp.dhs.gov,,215312,60622,500000,
br.usembassy.gov,https://br.usembassy.gov,,931752,584245,500000,
it.usembassy.gov,https://it.usembassy.gov,,276923,191604,500000,
help.usajobs.gov,https://help.usajobs.gov,,1740991,1018310,500000,
tidesandcurrents.noaa.gov,https://tidesandcurrents.noaa.gov,,2486963,922320,500000,
news.va.gov,https://news.va.gov,,1243574,1000694,500000,
www.niams.nih.gov,https://www.niams.nih.gov,,1048244,888231,500000,
www.ptsd.va.gov,https://www.ptsd.va.gov,,375059,260494,500000,
respondentaccess.eoir.justice.gov,https://respondentaccess.eoir.justice.gov,,536,591,500000,
csrc.nist.gov,https://csrc.nist.gov,,1224869,649998,500000,
pubs.usgs.gov,https://pubs.usgs.gov,,11712,7918,500000,
earthobservatory.nasa.gov,https://earthobservatory.nasa.gov,,1001600,675762,500000,
reportfraud.ftc.gov,https://reportfraud.ftc.gov,,1158717,404926,500000,
niccs.cisa.gov,https://niccs.cisa.gov,,1950146,693584,500000,
testinglocator.cdc.gov,https://testinglocator.cdc.gov,,386503,232585,500000,
www.ncei.noaa.gov,https://www.ncei.noaa.gov,,1487982,512472,500000,
www.grc.nasa.gov,https://www.grc.nasa.gov,,423456,275761,500000,
hivinfo.nih.gov,https://hivinfo.nih.gov,,420383,331678,500000,
blog.ssa.gov,https://blog.ssa.gov,,1542650,1236951,500000,
fdc.nal.usda.gov,https://fdc.nal.usda.gov,,1634816,1141005,500000,
pvwatts.nrel.gov,https://pvwatts.nrel.gov,,194850,109331,500000,
salud.nih.gov,https://salud.nih.gov,,390434,347385,500000,
www.earthdata.nasa.gov,https://www.earthdata.nasa.gov,,495934,240407,500000,
effectivehealthcare.ahrq.gov,https://effectivehealthcare.ahrq.gov,,152863,136685,500000,
pl.usembassy.gov,https://pl.usembassy.gov,,131643,86184,500000,
www.hepatitis.va.gov,https://www.hepatitis.va.gov,,124903,78872,500000,
militarypay.defense.gov,https://militarypay.defense.gov,,733266,435290,500000,
data.cms.gov,https://data.cms.gov,,1928659,641522,500000,
archive.cdc.gov,https://archive.cdc.gov,,242225,179690,500000,
first.uscis.gov,https://first.uscis.gov,,692012,232295,500000,
studyinthestates.dhs.gov,https://studyinthestates.dhs.gov,,526570,297317,500000,
seasonaljobs.dol.gov,https://seasonaljobs.dol.gov,,1842896,312475,500000,
espanol.epa.gov,https://espanol.epa.gov,,288997,244986,500000,
j1visa.state.gov,https://j1visa.state.gov,,321307,131843,500000,
ng.usembassy.gov,https://ng.usembassy.gov,,390878,218877,500000,
www.choose.va.gov,https://www.choose.va.gov,,252952,193901,500000,
msc.fema.gov,https://msc.fema.gov,,1682936,860727,500000,
secure.rrb.gov,https://secure.rrb.gov,,250043,42714,500000,
spotthestation.nasa.gov,https://spotthestation.nasa.gov,,899708,517082,500000,
bd.usembassy.gov,https://bd.usembassy.gov,,316618,186783,500000,
emissary.edgenuity.com,https://emissary.edgenuity.com,,115,61,500000,
uy.usembassy.gov,https://uy.usembassy.gov,,215198,138288,500000,
www.cool.osd.mil,https://www.cool.osd.mil,,956126,280917,500000,
register.clinicaltrials.gov,https://register.clinicaltrials.gov,,1575971,140748,500000,
es.usembassy.gov,https://es.usembassy.gov,,188231,122789,500000,
home.army.mil,https://home.army.mil,,1764425,1124490,500000,
ers.cr.usgs.gov,https://ers.cr.usgs.gov,,909340,122202,500000,
gt.usembassy.gov,https://gt.usembassy.gov,,253804,178397,500000,
eddm.usps.com,https://eddm.usps.com,,365095,163309,500000,
co.usembassy.gov,https://co.usembassy.gov,,582969,424046,500000,
my.navy.mil,https://my.navy.mil,,897361,879171,500000,
www.ams.usda.gov,https://www.ams.usda.gov,,798468,410769,500000,
www.lejeune.marines.mil,https://www.lejeune.marines.mil,,512063,356096,500000,
armypubs.army.mil,https://armypubs.army.mil,,1963521,777095,500000,
espanol.cdc.gov,https://espanol.cdc.gov,,304672,237887,500000,
trumpwhitehouse.archives.gov,https://trumpwhitehouse.archives.gov,,782292,626217,500000,
www.afpc.af.mil,https://www.afpc.af.mil,,353375,218489,500000,
bsaefiling.fincen.gov,https://bsaefiling.fincen.gov,,447755,155080,500000,
voyager.jpl.nasa.gov,https://voyager.jpl.nasa.gov,,65968,37236,500000,
rarediseases.info.nih.gov,https://rarediseases.info.nih.gov,,403907,294528,500000,
portal.cms.gov,https://portal.cms.gov,,6620123,2449920,500000,
www.atsdr.cdc.gov,https://www.atsdr.cdc.gov,,426618,325300,500000,
www.gsaelibrary.gsa.gov,https://www.gsaelibrary.gsa.gov,,582693,175106,500000,
clinicalinfo.hiv.gov,https://clinicalinfo.hiv.gov,,449205,288918,500000,
ph.usembassy.gov,https://ph.usembassy.gov,,464627,339466,500000,
es.usps.com,https://es.usps.com,,1087210,839423,500000,
www.access.fda.gov,https://www.access.fda.gov,,54524,40662,500000,
www.nfc.usda.gov,https://www.nfc.usda.gov,,103414,81793,500000,
www.nei.nih.gov,https://www.nei.nih.gov,,766942,600181,500000,
ipps-a.army.mil,https://ipps-a.army.mil,,1709317,1643646,500000,
portal.consumerfinance.gov,https://portal.consumerfinance.gov,,3189045,330620,500000,
recruiting.army.mil,https://recruiting.army.mil,,386915,194958,500000,
therealcost.betobaccofree.hhs.gov,https://therealcost.betobaccofree.hhs.gov,,1058283,995770,500000,
tr.usembassy.gov,https://tr.usembassy.gov,,458883,258573,500000,
www.acf.hhs.gov,https://www.acf.hhs.gov,,1165151,615169,500000,
vetrecs.archives.gov,https://vetrecs.archives.gov,,1603437,287020,500000,
meshb.nlm.nih.gov,https://meshb.nlm.nih.gov,,418920,76648,500000,
publicportal.eeoc.gov,https://publicportal.eeoc.gov,,1606538,367632,500000,
georgewbush-whitehouse.archives.gov,https://georgewbush-whitehouse.archives.gov,,249204,180717,500000,
earthexplorer.usgs.gov,https://earthexplorer.usgs.gov,,559885,333196,500000,
gispub.epa.gov,https://gispub.epa.gov,,3578547,363460,500000,
www.googleadservices.com,https://www.googleadservices.com,googleadservices.com,618268,252514,500000,95
www.nih.gov,https://www.nih.gov,nih.gov,1687669,1327683,500000,111
www.nist.gov,https://www.nist.gov,nist.gov,2434424,1351096,500000,148
www.usda.gov,https://www.usda.gov,usda.gov,1594056,1066256,500000,663
www.ed.gov,https://www.ed.gov,ed.gov,842215,679992,500000,2009
www.health.mil,https://www.health.mil,health.mil,706859,448731,500000,169
nps.gov,https://nps.gov,nps.gov,222121,104777,500000,1693
www.usembassy.gov,https://www.usembassy.gov,usembassy.gov,1510380,870898,500000,3016
www.uscourts.gov,https://www.uscourts.gov,uscourts.gov,2042722,1214495,500000,3457
www.af.mil,https://www.af.mil,af.mil,1242156,836462,500000,3782
www.army.mil,https://www.army.mil,army.mil,512840,390197,500000,2172
www.navy.mil,https://www.navy.mil,navy.mil,880090,533639,500000,2188
www.nsf.gov,https://www.nsf.gov,nsf.gov,1551300,931824,500000,4238
www.cisa.gov,https://www.cisa.gov,cisa.gov,2634640,1574266,500000,4339
www.samhsa.gov,https://www.samhsa.gov,samhsa.gov,2347887,1432412,500000,4513
www.energystar.gov,https://www.energystar.gov,energystar.gov,1945477,710543,500000,8084
www.fdic.gov,https://www.fdic.gov,fdic.gov,184552,100098,500000,8384
www.ready.gov,https://www.ready.gov,ready.gov,1245538,808108,500000,10416
www.transportation.gov,https://www.transportation.gov,transportation.gov,2047837,1164700,500000,10876
www.nrel.gov,https://www.nrel.gov,nrel.gov,539810,313472,500000,10911
health.gov,https://health.gov,health.gov,2046921,948918,500000,11327
www.ahrq.gov,https://www.ahrq.gov,ahrq.gov,687691,426874,500000,11911
www.hrsa.gov,https://www.hrsa.gov,hrsa.gov,480202,281395,500000,11925
www.ic3.gov,https://www.ic3.gov,ic3.gov,832421,392948,500000,11972
www.blm.gov,https://www.blm.gov,blm.gov,1700180,1010369,500000,12244
www.ojp.gov,https://www.ojp.gov,ojp.gov,1051424,859817,500000,10397
www.ada.gov,https://www.ada.gov,ada.gov,747867,515116,500000,12483
www.doi.gov,https://www.doi.gov,doi.gov,899988,585249,500000,13862
www.commerce.gov,https://www.commerce.gov,commerce.gov,967143,714219,500000,13935
www.nsa.gov,https://www.nsa.gov,nsa.gov,526086,343908,500000,14435
www.climate.gov,https://www.climate.gov,climate.gov,574060,465179,500000,17004
www.dla.mil,https://www.dla.mil,dla.mil,797382,481671,500000,17730
www.dni.gov,https://www.dni.gov,dni.gov,250782,126202,500000,18000
fincen.gov,https://fincen.gov,fincen.gov,688036,397508,500000,18123
www.marines.mil,https://www.marines.mil,marines.mil,1914101,1017225,500000,18384
www.osti.gov,https://www.osti.gov,osti.gov,604230,316598,500000,16719
www.fincen.gov,https://www.fincen.gov,fincen.gov,2039784,1183616,500000,18123
treasurydirect.gov,https://treasurydirect.gov,treasurydirect.gov,897589,395498,500000,18339
time.gov,https://time.gov,time.gov,92321583,923480,500000,19073
fueleconomy.gov,https://fueleconomy.gov,fueleconomy.gov,3883,3496,500000,19338
www.copyscape.com,https://www.copyscape.com,copyscape.com,616,366,500000,19734
www.time.gov,https://www.time.gov,time.gov,102709688,1141088,500000,19073
www.medicaid.gov,https://www.medicaid.gov,medicaid.gov,1189515,712866,500000,20843
grants.gov,https://grants.gov,grants.gov,1231934,452810,500000,20923
www.grants.gov,https://www.grants.gov,grants.gov,2140241,909151,500000,20923
www.usmint.gov,https://www.usmint.gov,usmint.gov,1129014,681543,500000,23109
www.neh.gov,https://www.neh.gov,neh.gov,338186,231280,500000,23743
www.cftc.gov,https://www.cftc.gov,cftc.gov,757327,401101,500000,24429
www.arts.gov,https://www.arts.gov,arts.gov,300734,176271,500000,24893
www.atf.gov,https://www.atf.gov,atf.gov,885973,514415,500000,25173
www.huduser.gov,https://www.huduser.gov,huduser.gov,534296,343057,500000,25800
americorps.gov,https://americorps.gov,americorps.gov,2028928,1462365,500000,26236
www.jfklibrary.org,https://www.jfklibrary.org,jfklibrary.org,722958,590744,500000,26384
ustraveldocs.com,https://ustraveldocs.com,ustraveldocs.com,996323,553996,500000,27596
www.ihs.gov,https://www.ihs.gov,ihs.gov,675,433,500000,29746
www.nlrb.gov,https://www.nlrb.gov,nlrb.gov,624411,282715,500000,29883
www.militaryonesource.mil,https://www.militaryonesource.mil,militaryonesource.mil,1271881,825810,500000,30661
www.usbr.gov,https://www.usbr.gov,usbr.gov,386022,210266,500000,28930
tricare.mil,https://tricare.mil,tricare.mil,1517702,624534,500000,31733
www.peacecorps.gov,https://www.peacecorps.gov,peacecorps.gov,1581424,502199,500000,34768
www.identitytheft.gov,https://www.identitytheft.gov,identitytheft.gov,2918520,751365,500000,38762
www.nifc.gov,https://www.nifc.gov,nifc.gov,530188,378879,500000,39384
www.hiv.gov,https://www.hiv.gov,hiv.gov,431413,373201,500000,40607
www.dfas.mil,https://www.dfas.mil,dfas.mil,1592778,795301,500000,42277
www.pbgc.gov,https://www.pbgc.gov,pbgc.gov,339198,124619,500000,50013
www.floodsmart.gov,https://www.floodsmart.gov,floodsmart.gov,953412,552540,500000,50592
www.bia.gov,https://www.bia.gov,bia.gov,431137,258526,500000,52991
www.usmarshals.gov,https://www.usmarshals.gov,usmarshals.gov,774612,441488,500000,53161
www.e-verify.gov,https://www.e-verify.gov,e-verify.gov,1642567,836509,500000,53346
vote.gov,https://vote.gov,vote.gov,2409104,1259514,500000,56100
www.acquisition.gov,https://www.acquisition.gov,acquisition.gov,2590196,907872,500000,59458
www.sbir.gov,https://www.sbir.gov,sbir.gov,280,322,500000,59982
www.jobcorps.gov,https://www.jobcorps.gov,jobcorps.gov,532386,199512,500000,63885
www.uspis.gov,https://www.uspis.gov,uspis.gov,21834,20972,500000,73609
www.ttb.gov,https://www.ttb.gov,ttb.gov,337605,213442,500000,74259
www.abmc.gov,https://www.abmc.gov,abmc.gov,255734,183419,500000,74498
www.msha.gov,https://www.msha.gov,msha.gov,461225,146802,500000,83607
www.arlingtoncemetery.mil,https://www.arlingtoncemetery.mil,arlingtoncemetery.mil,702452,260865,500000,95910
www.reaganlibrary.gov,https://www.reaganlibrary.gov,reaganlibrary.gov,363686,290487,500000,97394
www.tva.com,https://www.tva.com,tva.com,490506,295282,500000,101885
fbijobs.gov,https://fbijobs.gov,fbijobs.gov,831583,509521,500000,107635
www.apprenticeship.gov,https://www.apprenticeship.gov,apprenticeship.gov,805511,226293,500000,115330
www.shadesofgreen.org,https://www.shadesofgreen.org,shadesofgreen.org,534719,247020,500000,401595
www.halekoa.com,https://www.halekoa.com,halekoa.com,371892,163310,500000,436911
www.instantmarkets.com,https://www.instantmarkets.com,instantmarkets.com,3936,2739,1000000,263621
scijinks.gov,https://scijinks.gov,scijinks.gov,223010,132383,1000000,140161
health.mil,https://health.mil,health.mil,321871,192022,1000000,169
www.privacyshield.gov,https://www.privacyshield.gov,privacyshield.gov,71572,61039,1000000,2576
www.clinicaltrials.gov,https://www.clinicaltrials.gov,clinicaltrials.gov,1162693,342150,1000000,3707
ojp.gov,https://ojp.gov,ojp.gov,71530,60546,1000000,10397
www.ornl.gov,https://www.ornl.gov,ornl.gov,329691,169735,1000000,11136
www.llnl.gov,https://www.llnl.gov,llnl.gov,316654,170370,1000000,11765
www.regulations.gov,https://www.regulations.gov,regulations.gov,2104506,534979,1000000,12247
www.uscg.mil,https://www.uscg.mil,uscg.mil,307783,205399,1000000,13820
www.bts.gov,https://www.bts.gov,bts.gov,174348,93767,1000000,14478
www.sandia.gov,https://www.sandia.gov,sandia.gov,234061,141128,1000000,15557
data.gov,https://data.gov,data.gov,184058,154761,1000000,15992
acl.gov,https://acl.gov,acl.gov,220018,140333,1000000,20932
www.childwelfare.gov,https://www.childwelfare.gov,childwelfare.gov,496329,262081,1000000,29960
www.pnnl.gov,https://www.pnnl.gov,pnnl.gov,251503,143718,1000000,30788
www.healthit.gov,https://www.healthit.gov,healthit.gov,368045,258169,1000000,30917
www.vaccines.gov,https://www.vaccines.gov,vaccines.gov,635028,397492,1000000,31893
www.stopbullying.gov,https://www.stopbullying.gov,stopbullying.gov,285613,176923,1000000,34157
www.foodsafety.gov,https://www.foodsafety.gov,foodsafety.gov,393887,274127,1000000,34007
www.uspreventiveservicestaskforce.org,https://www.uspreventiveservicestaskforce.org,uspreventiveservicestaskforce.org,520588,303446,1000000,36941
www.fhfa.gov,https://www.fhfa.gov,fhfa.gov,366536,145394,1000000,39363
www.access-board.gov,https://www.access-board.gov,access-board.gov,275875,185786,1000000,42888
smokefree.gov,https://smokefree.gov,smokefree.gov,211934,141830,1000000,44384
www.usaspending.gov,https://www.usaspending.gov,usaspending.gov,1384926,306102,1000000,45466
ncua.gov,https://ncua.gov,ncua.gov,416377,207697,1000000,46140
www.occ.gov,https://www.occ.gov,occ.gov,460887,365954,1000000,46525
www.dietaryguidelines.gov,https://www.dietaryguidelines.gov,dietaryguidelines.gov,217290,154325,1000000,48604
www.spaceforce.mil,https://www.spaceforce.mil,spaceforce.mil,230250,148825,1000000,48877
www.reginfo.gov,https://www.reginfo.gov,reginfo.gov,677740,103282,1000000,49067
www.cdfifund.gov,https://www.cdfifund.gov,cdfifund.gov,126828,60105,1000000,57323
www.centcom.mil,https://www.centcom.mil,centcom.mil,137037,85686,1000000,60007
www.armymwr.com,https://www.armymwr.com,armymwr.com,187141,110337,1000000,61125
youth.gov,https://youth.gov,youth.gov,174089,133404,1000000,68403
www.nutrition.gov,https://www.nutrition.gov,nutrition.gov,119013,76895,1000000,73645
www.drought.gov,https://www.drought.gov,drought.gov,230659,129385,1000000,73425
www.globe.gov,https://www.globe.gov,globe.gov,153283,69712,1000000,78642
www.cdse.edu,https://www.cdse.edu,cdse.edu,380355,204459,1000000,281667
www.intelligencecareers.gov,https://www.intelligencecareers.gov,intelligencecareers.gov,268682,179266,1000000,292376
www.bis.gov,https://www.bis.gov,bis.gov,436270,194644,1000000,311540
consumidor.gov,https://consumidor.gov,consumidor.gov,82217,52914,1000000,537507
www.aff.gov,https://www.aff.gov,aff.gov,353375,122868,1000000,546540
realestatesales.gov,https://realestatesales.gov,realestatesales.gov,217396,58192,1000000,549009
www.evus.gov,https://www.evus.gov,evus.gov,1961104,277002,1000000,563091
www.gps.gov,https://www.gps.gov,gps.gov,120768,74640,1000000,83929
www.eftps.com,https://www.eftps.com,eftps.com,19235,17951,1000000,84665
www.pacom.mil,https://www.pacom.mil,pacom.mil,163722,99273,1000000,90418
www.trumanlibrary.gov,https://www.trumanlibrary.gov,trumanlibrary.gov,193714,130029,1000000,98344
www.farmers.gov,https://www.farmers.gov,farmers.gov,548663,364572,1000000,102309
www.jcs.mil,https://www.jcs.mil,jcs.mil,219349,126155,1000000,107710
lb.usembassy.gov,https://lb.usembassy.gov,,140382,105700,1000000,
www.accesstocare.va.gov,https://www.accesstocare.va.gov,,199749,40205,1000000,
intern.usajobs.gov,https://intern.usajobs.gov,,271942,63223,1000000,
optn.transplant.hrsa.gov,https://optn.transplant.hrsa.gov,,291649,120673,1000000,
solarsystem.nasa.gov,https://solarsystem.nasa.gov,,790081,351621,1000000,
china.usembassy-china.org.cn,https://china.usembassy-china.org.cn,,621912,390668,1000000,
exchanges.state.gov,https://exchanges.state.gov,,246978,119352,1000000,
www.wrh.noaa.gov,https://www.wrh.noaa.gov,,229283,159789,1000000,
support.nlm.nih.gov,https://support.nlm.nih.gov,,414544,369214,1000000,
clintonwhitehouse4.archives.gov,https://clintonwhitehouse4.archives.gov,,38459,32709,1000000,
cr.usembassy.gov,https://cr.usembassy.gov,,132626,84560,1000000,
choosework.ssa.gov,https://choosework.ssa.gov,,158205,65998,1000000,
hr.nih.gov,https://hr.nih.gov,,307171,160327,1000000,
aspr.hhs.gov,https://aspr.hhs.gov,,2446142,1817386,1000000,
cd.usembassy.gov,https://cd.usembassy.gov,,96292,51234,1000000,
www.glerl.noaa.gov,https://www.glerl.noaa.gov,,112441,75846,1000000,
egrants.cns.gov,https://egrants.cns.gov,,415110,66966,1000000,
banks.data.fdic.gov,https://banks.data.fdic.gov,,691987,150924,1000000,
nationalregistry.fmcsa.dot.gov,https://nationalregistry.fmcsa.dot.gov,,299,452,1000000,
geocoding.geo.census.gov,https://geocoding.geo.census.gov,,164008,53937,1000000,
ssd.jpl.nasa.gov,https://ssd.jpl.nasa.gov,,132380,82979,1000000,
cnrse.cnic.navy.mil,https://cnrse.cnic.navy.mil,,106375,60125,1000000,
pa.usembassy.gov,https://pa.usembassy.gov,,112786,81148,1000000,
public.cyber.mil,https://public.cyber.mil,,473458,307932,1000000,
www.dcms.uscg.mil,https://www.dcms.uscg.mil,,360195,179726,1000000,
www.marforres.marines.mil,https://www.marforres.marines.mil,,137313,77795,1000000,
department.va.gov,https://department.va.gov,,260784,173370,1000000,
auth.nih.gov,https://auth.nih.gov,,1225524,1022571,1000000,
programportal.hrsa.gov,https://programportal.hrsa.gov,,494205,130570,1000000,
namus.nij.ojp.gov,https://namus.nij.ojp.gov,,169145,113009,1000000,
pubmed-ncbi-nlm-nih-gov.proxy.insermbiblio.inist.fr,https://pubmed-ncbi-nlm-nih-gov.proxy.insermbiblio.inist.fr,,439998,68081,1000000,
thinkculturalhealth.hhs.gov,https://thinkculturalhealth.hhs.gov,,1461838,92228,1000000,
home.nps.gov,https://home.nps.gov,,284824,178832,1000000,
np.usembassy.gov,https://np.usembassy.gov,,73343,48666,1000000,
blogs.cdc.gov,https://blogs.cdc.gov,,138292,117127,1000000,
store.samhsa.gov,https://store.samhsa.gov,,270692,128866,1000000,
j1visawaiverstatus.state.gov,https://j1visawaiverstatus.state.gov,,173460,52369,1000000,
directfile.irs.gov,https://directfile.irs.gov,,140336,95758,1000000,
emergency.cdc.gov,https://emergency.cdc.gov,,422772,337892,1000000,
complaint.ic3.gov,https://complaint.ic3.gov,,237568,159197,1000000,
es-reg.usps.com,https://es-reg.usps.com,,97130,59658,1000000,
tm.usembassy.gov,https://tm.usembassy.gov,,32226,18152,1000000,
iqrs.npdb.hrsa.gov,https://iqrs.npdb.hrsa.gov,,239681,155157,1000000,
medlinet.amedd.army.mil,https://medlinet.amedd.army.mil,,75453,68279,1000000,
www.phmsa.dot.gov,https://www.phmsa.dot.gov,,508204,157180,1000000,
www.cpf.navy.mil,https://www.cpf.navy.mil,,65112,40772,1000000,
aglearn.usda.gov,https://aglearn.usda.gov,,1030249,15716,1000000,
www.surfpac.navy.mil,https://www.surfpac.navy.mil,,261920,136081,1000000,
www.irsauctions.gov,https://www.irsauctions.gov,,116627,48862,1000000,
studentprivacy.ed.gov,https://studentprivacy.ed.gov,,230719,145677,1000000,
bjs.ojp.gov,https://bjs.ojp.gov,,296113,199683,1000000,
jobs.cdc.gov,https://jobs.cdc.gov,,201,111,1000000,
www.bmtflightphotos.af.mil,https://www.bmtflightphotos.af.mil,,122313,16393,1000000,
ru.usembassy.gov,https://ru.usembassy.gov,,173439,104233,1000000,
www.mcrdsd.marines.mil,https://www.mcrdsd.marines.mil,,189947,63862,1000000,
files.adviserinfo.sec.gov,https://files.adviserinfo.sec.gov,,11758,844,1000000,
www.era.nih.gov,https://www.era.nih.gov,,437426,339634,1000000,
psnet.ahrq.gov,https://psnet.ahrq.gov,,172734,126639,1000000,
mm.usembassy.gov,https://mm.usembassy.gov,,55702,35820,1000000,
cu.usembassy.gov,https://cu.usembassy.gov,,83492,62784,1000000,
uz.usembassy.gov,https://uz.usembassy.gov,,133837,85142,1000000,
bj.usembassy.gov,https://bj.usembassy.gov,,47502,28076,1000000,
www.sep.va.gov,https://www.sep.va.gov,,317,301,1000000,
www.nihms.nih.gov,https://www.nihms.nih.gov,,455184,29155,1000000,
wave.webaim.org,https://wave.webaim.org,,216,135,1000000,
diplomacy.state.gov,https://diplomacy.state.gov,,76918,58445,1000000,
fincenid.fincen.gov,https://fincenid.fincen.gov,,6345,1231,1000000,
tn.usembassy.gov,https://tn.usembassy.gov,,92719,64886,1000000,
za.usembassy.gov,https://za.usembassy.gov,,110668,78270,1000000,
www.news.uscg.mil,https://www.news.uscg.mil,,193885,147856,1000000,
cddis.nasa.gov,https://cddis.nasa.gov,,178664,29744,1000000,
nl.usembassy.gov,https://nl.usembassy.gov,,165016,109125,1000000,
stemgateway.nasa.gov,https://stemgateway.nasa.gov,,738936,161517,1000000,
orise.orau.gov,https://orise.orau.gov,,31588,18189,1000000,
americanenglish.state.gov,https://americanenglish.state.gov,,114338,61811,1000000,
ciencia.nasa.gov,https://ciencia.nasa.gov,,152276,113223,1000000,
jm.usembassy.gov,https://jm.usembassy.gov,,85819,54953,1000000,
eol.jsc.nasa.gov,https://eol.jsc.nasa.gov,,306240,216229,1000000,
kz.usembassy.gov,https://kz.usembassy.gov,,109678,79848,1000000,
sa.usembassy.gov,https://sa.usembassy.gov,,125387,86723,1000000,
www3.epa.gov,https://www3.epa.gov,,107239,57719,1000000,
ncbi.nlm.nih.gov,https://ncbi.nlm.nih.gov,,710444,581721,1000000,
videocast.nih.gov,https://videocast.nih.gov,,148958,93247,1000000,
yali.state.gov,https://yali.state.gov,,253645,139172,1000000,
www.airpac.navy.mil,https://www.airpac.navy.mil,,198903,89927,1000000,
www.armyupress.army.mil,https://www.armyupress.army.mil,,193587,155436,1000000,
www.med.navy.mil,https://www.med.navy.mil,,253627,168522,1000000,
ehp.niehs.nih.gov,https://ehp.niehs.nih.gov,,238342,150803,1000000,
physics.nist.gov,https://physics.nist.gov,,248732,71493,1000000,
power.larc.nasa.gov,https://power.larc.nasa.gov,,122160,64207,1000000,
tt.usembassy.gov,https://tt.usembassy.gov,,66035,41776,1000000,
www.usace.army.mil,https://www.usace.army.mil,,248826,154873,1000000,
login.research4life.org,https://login.research4life.org,,26049,2739,1000000,
www.nass.usda.gov,https://www.nass.usda.gov,,335397,130181,1000000,
visualsonline.cancer.gov,https://visualsonline.cancer.gov,,102368,84429,1000000,
tg.usembassy.gov,https://tg.usembassy.gov,,37117,19819,1000000,
pt.usembassy.gov,https://pt.usembassy.gov,,61869,37283,1000000,
blog.dol.gov,https://blog.dol.gov,,62879,54872,1000000,
tsaprecheckbytelos.tsa.dhs.gov,https://tsaprecheckbytelos.tsa.dhs.gov,,830041,201428,1000000,
www.npdb.hrsa.gov,https://www.npdb.hrsa.gov,,232657,142570,1000000,
digital.weather.gov,https://digital.weather.gov,,176573,99979,1000000,
fiscal.treasury.gov,https://fiscal.treasury.gov,,248689,172959,1000000,
hk.usconsulate.gov,https://hk.usconsulate.gov,,146385,86042,1000000,
iq.usembassy.gov,https://iq.usembassy.gov,,92846,61312,1000000,
trace.ncbi.nlm.nih.gov,https://trace.ncbi.nlm.nih.gov,,453730,66978,1000000,
museum.archives.gov,https://museum.archives.gov,,90915,57632,1000000,
images.nasa.gov,https://images.nasa.gov,,498930,88690,1000000,
oig.justice.gov,https://oig.justice.gov,,149662,74384,1000000,
ve.usembassy.gov,https://ve.usembassy.gov,,50369,40742,1000000,
stacks.cdc.gov,https://stacks.cdc.gov,,212236,172132,1000000,
www.hiv.va.gov,https://www.hiv.va.gov,,72701,41284,1000000,
skillbridge.osd.mil,https://skillbridge.osd.mil,,242574,109730,1000000,
americancenterjapan.com,https://americancenterjapan.com,,138749,110620,1000000,
ch.usembassy.gov,https://ch.usembassy.gov,,111615,62557,1000000,
ngmdb.usgs.gov,https://ngmdb.usgs.gov,,674586,188770,1000000,
www.ebuy.gsa.gov,https://www.ebuy.gsa.gov,,2588202,326148,1000000,
es-store.usps.com,https://es-store.usps.com,,84054,25359,1000000,
www.netc.navy.mil,https://www.netc.navy.mil,,340990,181692,1000000,
cumulis.epa.gov,https://cumulis.epa.gov,,259665,113844,1000000,
www.whiteman.af.mil,https://www.whiteman.af.mil,,34955,24415,1000000,
cdx.epa.gov,https://cdx.epa.gov,,1068291,174241,1000000,
www.fiscal.treasury.gov,https://www.fiscal.treasury.gov,,314363,204613,1000000,
gpm.nasa.gov,https://gpm.nasa.gov,,127721,87444,1000000,
grants.hrsa.gov,https://grants.hrsa.gov,,119449,80274,1000000,
worldview.earthdata.nasa.gov,https://worldview.earthdata.nasa.gov,,5508727,245407,1000000,
www.transit.dot.gov,https://www.transit.dot.gov,,304663,145833,1000000,
cnreurafcent.cnic.navy.mil,https://cnreurafcent.cnic.navy.mil,,105880,60833,1000000,
www.atlanticarea.uscg.mil,https://www.atlanticarea.uscg.mil,,128288,53192,1000000,
water.usgs.gov,https://water.usgs.gov,,68114,52849,1000000,
gr.usembassy.gov,https://gr.usembassy.gov,,81020,49549,1000000,
oceanexplorer.noaa.gov,https://oceanexplorer.noaa.gov,,231163,161824,1000000,
bb.usembassy.gov,https://bb.usembassy.gov,,66634,40871,1000000,
www.caregiver.va.gov,https://www.caregiver.va.gov,,145544,94794,1000000,
ojjdp.ojp.gov,https://ojjdp.ojp.gov,,197100,125980,1000000,
jo.usembassy.gov,https://jo.usembassy.gov,,122642,65024,1000000,
answers.hud.gov,https://answers.hud.gov,,193323,83283,1000000,
sdo.gsfc.nasa.gov,https://sdo.gsfc.nasa.gov,,882089,80335,1000000,
svs.gsfc.nasa.gov,https://svs.gsfc.nasa.gov,,260317,190458,1000000,
www.occ.treas.gov,https://www.occ.treas.gov,,183522,107381,1000000,
heasarc.gsfc.nasa.gov,https://heasarc.gsfc.nasa.gov,,189880,60984,1000000,
ua.usembassy.gov,https://ua.usembassy.gov,,195146,110607,1000000,
nssdc.gsfc.nasa.gov,https://nssdc.gsfc.nasa.gov,,17461,10548,1000000,
au.usembassy.gov,https://au.usembassy.gov,,167305,114077,1000000,
www.nal.usda.gov,https://www.nal.usda.gov,,451959,262694,1000000,
railroads.dot.gov,https://railroads.dot.gov,,187344,91396,1000000,
seedfund.nsf.gov,https://seedfund.nsf.gov,,163604,90324,1000000,
www.navsea.navy.mil,https://www.navsea.navy.mil,,444668,269079,1000000,
cameochemicals.noaa.gov,https://cameochemicals.noaa.gov,,914636,374150,1000000,
dz.usembassy.gov,https://dz.usembassy.gov,,87661,50475,1000000,
www.ramstein.af.mil,https://www.ramstein.af.mil,,117714,74657,1000000,
mars.nasa.gov,https://mars.nasa.gov,,141315,58149,1000000,
amberalert.ojp.gov,https://amberalert.ojp.gov,,79996,55842,1000000,
bhw.hrsa.gov,https://bhw.hrsa.gov,,260995,154865,1000000,
cm.usembassy.gov,https://cm.usembassy.gov,,52169,35775,1000000,
www.nssl.noaa.gov,https://www.nssl.noaa.gov,,116740,91900,1000000,
data.hrsa.gov,https://data.hrsa.gov,,16703,15207,1000000,
2017-2021.state.gov,https://2017-2021.state.gov,,146,153,1000000,
www.covid19treatmentguidelines.nih.gov,https://www.covid19treatmentguidelines.nih.gov,,100329,79635,1000000,
careers.pnnl.gov,https://careers.pnnl.gov,,206722,60543,1000000,
www.trumplibrary.gov,https://www.trumplibrary.gov,,55990,35469,1000000,
ht.usembassy.gov,https://ht.usembassy.gov,,56676,36409,1000000,
usda.usajobs.gov,https://usda.usajobs.gov,,197790,37578,1000000,
www.airuniversity.af.edu,https://www.airuniversity.af.edu,,557348,315646,1000000,
ro.usembassy.gov,https://ro.usembassy.gov,,103293,70209,1000000,
moon.nasa.gov,https://moon.nasa.gov,,247261,184663,1000000,
highways.dot.gov,https://highways.dot.gov,,388342,238030,1000000,
es.medicare.gov,https://es.medicare.gov,,89686,43085,1000000,
ma.usembassy.gov,https://ma.usembassy.gov,,126059,79958,1000000,
covid.cdc.gov,https://covid.cdc.gov,,824584,659842,1000000,
www.ssd.noaa.gov,https://www.ssd.noaa.gov,,113831,81879,1000000,
ipac.ecosphere.fws.gov,https://ipac.ecosphere.fws.gov,,456503,64598,1000000,
www2.census.gov,https://www2.census.gov,,140695,37393,1000000,
ppubs.uspto.gov,https://ppubs.uspto.gov,,443995,350685,1000000,
cfpub.epa.gov,https://cfpub.epa.gov,,169265,94149,1000000,
www-cdc-gov.translate.goog,https://www-cdc-gov.translate.goog,,120063,100178,1000000,
rw.usembassy.gov,https://rw.usembassy.gov,,41140,25941,1000000,
resources.hud.gov,https://resources.hud.gov,,177828,147781,1000000,
www1.grc.nasa.gov,https://www1.grc.nasa.gov,,236940,192332,1000000,
www.cacb.uscourts.gov,https://www.cacb.uscourts.gov,,147290,78902,1000000,
jblm.armymwr.com,https://jblm.armymwr.com,,108907,64324,1000000,
oig.ssa.gov,https://oig.ssa.gov,,174423,117794,1000000,
blogs.nasa.gov,https://blogs.nasa.gov,,265881,201295,1000000,
owcpmed.dol.gov,https://owcpmed.dol.gov,,298944,214383,1000000,
medlineplus-gov.translate.goog,https://medlineplus-gov.translate.goog,,132805,115678,1000000,
bf.usembassy.gov,https://bf.usembassy.gov,,60637,42781,1000000,
www.sewp.nasa.gov,https://www.sewp.nasa.gov,,633861,140801,1000000,
www.bootcamp.navy.mil,https://www.bootcamp.navy.mil,,250186,141800,1000000,
ace.cbp.gov,https://ace.cbp.gov,,2575425,757096,1000000,
hazards.fema.gov,https://hazards.fema.gov,,456620,52015,1000000,
plants.usda.gov,https://plants.usda.gov,,501964,132830,1000000,
search.archives.gov,https://search.archives.gov,,304160,136825,1000000,
bsaefiling.fincen.treas.gov,https://bsaefiling.fincen.treas.gov,,191958,118399,1000000,
kids.niehs.nih.gov,https://kids.niehs.nih.gov,,197039,144830,1000000,
portal.ice.gov,https://portal.ice.gov,,224836,56996,1000000,
portfoliomanager.energystar.gov,https://portfoliomanager.energystar.gov,,1297310,136136,1000000,
research.fs.usda.gov,https://research.fs.usda.gov,,227084,128957,1000000,
fleetautoauctions.gsa.gov,https://fleetautoauctions.gsa.gov,,368556,43973,1000000,
nfc.usda.gov,https://nfc.usda.gov,,67869,51930,1000000,
et.usembassy.gov,https://et.usembassy.gov,,166970,101002,1000000,
ni.usembassy.gov,https://ni.usembassy.gov,,72995,51368,1000000,
espanol.ninds.nih.gov,https://espanol.ninds.nih.gov,,58736,53138,1000000,
coast.noaa.gov,https://coast.noaa.gov,,775945,564891,1000000,
bja.ojp.gov,https://bja.ojp.gov,,433168,255379,1000000,
www.usmcu.edu,https://www.usmcu.edu,usmcu.edu,191093,112904,1000000,153824
www.norad.mil,https://www.norad.mil,norad.mil,59563,23683,1000000,164025
www.fletc.gov,https://www.fletc.gov,fletc.gov,243368,107085,1000000,164488
www.insurekidsnow.gov,https://www.insurekidsnow.gov,insurekidsnow.gov,271216,206259,1000000,166989
www.jbsa.mil,https://www.jbsa.mil,jbsa.mil,225028,155882,1000000,182451
www.timetap.com,https://www.timetap.com,timetap.com,138,100,1000000,197462
www.ait.org.tw,https://www.ait.org.tw,ait.org.tw,177301,113328,1000000,198943
childcare.gov,https://childcare.gov,childcare.gov,356570,200987,1000000,215181
www.rrb.gov,https://www.rrb.gov,rrb.gov,206246,92988,1000000,215336
rrb.gov,https://rrb.gov,rrb.gov,107738,45600,1000000,215336
securityawareness.usalearning.gov,https://securityawareness.usalearning.gov,,704591,426831,1000000,
www.edelweisslodgeandresort.com,https://www.edelweisslodgeandresort.com,,133047,58174,1000000,
www.itl.nist.gov,https://www.itl.nist.gov,,138300,80110,1000000,
kr.usembassy.gov,https://kr.usembassy.gov,,203437,132074,1000000,
ae.usembassy.gov,https://ae.usembassy.gov,,151108,101884,1000000,
starchild.gsfc.nasa.gov,https://starchild.gsfc.nasa.gov,,119202,78281,1000000,
soarworks.samhsa.gov,https://soarworks.samhsa.gov,,360360,80532,1000000,
ccr.cancer.gov,https://ccr.cancer.gov,,130287,68929,1000000,
www.deadiversion.usdoj.gov,https://www.deadiversion.usdoj.gov,,97311,81114,1000000,
bhwnextgen.hrsa.gov,https://bhwnextgen.hrsa.gov,,155989,88199,1000000,
ovc.ojp.gov,https://ovc.ojp.gov,,145682,78834,1000000,
www.goes.noaa.gov,https://www.goes.noaa.gov,,35636,26584,1000000,
mutcd.fhwa.dot.gov,https://mutcd.fhwa.dot.gov,,289046,143830,1000000,
www.dia.mil,https://www.dia.mil,dia.mil,150421,89506,1000000,108304
www.nationalguard.mil,https://www.nationalguard.mil,nationalguard.mil,275781,197036,1000000,108772
www.foia.gov,https://www.foia.gov,foia.gov,238523,117758,1000000,117382
www.govloans.gov,https://www.govloans.gov,govloans.gov,199764,61509,1000000,367547
www.employeeexpress.gov,https://www.employeeexpress.gov,employeeexpress.gov,874287,538052,1000000,376201
godirect.gov,https://godirect.gov,godirect.gov,162004,52919,1000000,381629
www.cac.mil,https://www.cac.mil,cac.mil,198277,124297,1000000,412583
